Designator,Device,Footprint,Mid X,Mid Y,Ref X,Ref Y,Pad X,Pad Y,Pins,Layer,Rotation,SMD,Comment,Name
C1,CL10A106KP8NNNC,C0603,19.2mm,-8.4mm,19.2mm,-8.4mm,18.5mm,-8.4mm,2,T,0,Yes,10uF,10uF
C6,CL10B105KA8NNNC,C0603,-31.68mm,-25.455mm,-31.68mm,-25.455mm,-31.68mm,-24.755mm,2,T,270,Yes,1uF,1uF
C7,CL21A106KAYNNNE_C15850,C0805,-11.454mm,-21.183mm,-11.454mm,-21.183mm,-12.454mm,-21.183mm,2,T,0,Yes,10uF,10uF
C8,CL10B105KA8NNNC,C0603,-26mm,-22.135mm,-26mm,-22.135mm,-26.7mm,-22.135mm,2,T,0,Yes,1uF,1uF
C9,CL10A106KP8NNNC,C0603,-28.9mm,-25.035mm,-28.9mm,-25.035mm,-28.9mm,-24.335mm,2,T,270,Yes,10uF,10uF
C10,CL10A106KP8NNNC,C0603,-8.454mm,-23.683mm,-8.454mm,-23.683mm,-8.454mm,-22.983mm,2,T,270,Yes,10uF,10uF
C11,CL10A106KP8NNNC,C0603,-11.814mm,2.336mm,-11.814mm,2.336mm,-11.814mm,3.036mm,2,T,270,Yes,10uF,10uF
C12,CL10A106KP8NNNC,C0603,-22.686mm,30.164mm,-22.686mm,30.164mm,-22.686mm,29.464mm,2,T,90,Yes,10uF,10uF
C13,CL10B104KB8NNNC,C0603,-37.674mm,-6.304mm,-37.674mm,-6.304mm,-36.974mm,-6.304mm,2,T,180,Yes,100nF,100nF
C15,CL10A106KP8NNNC,C0603,19.2mm,-6.4mm,19.2mm,-6.4mm,18.5mm,-6.4mm,2,T,0,Yes,10uF,10uF
C18,CL10A106KP8NNNC,C0603,-3.3mm,-14.2mm,-3.3mm,-14.2mm,-2.6mm,-14.2mm,2,T,180,Yes,10uF,10uF
C20,CL10A475KQ8NNNC,C0603,2.3mm,-1.6mm,2.3mm,-1.6mm,2.3mm,-2.3mm,2,T,90,Yes,4.7uF,4.7uF
C23,CL10A106KP8NNNC,C0603,15mm,-3.9mm,15mm,-3.9mm,14.3mm,-3.9mm,2,T,0,Yes,10uF,10uF
C27,CL21A226MQQNNNE,C0805,5.6mm,-23.3mm,5.6mm,-23.3mm,6.6mm,-23.3mm,2,T,180,Yes,22uF,22uF
C36,CL10A475KQ8NNNC,C0603,-3.3mm,-16.4mm,-3.3mm,-16.4mm,-2.6mm,-16.4mm,2,T,180,Yes,4.7uF,4.7uF
C42,CL10A106KP8NNNC,C0603,-13.36mm,9mm,-13.36mm,9mm,-13.36mm,9.7mm,2,T,270,Yes,10uF,10uF
C43,CL10B104KB8NNNC,C0603,-11.64mm,9mm,-11.64mm,9mm,-11.64mm,9.7mm,2,T,270,Yes,100nF,100nF
C44,CL10A106KP8NNNC,C0603,-1.046mm,13.018mm,-1.046mm,13.018mm,-0.346mm,13.018mm,2,T,180,Yes,10uF,10uF
C45,CL10B104KB8NNNC,C0603,-4.126mm,13.018mm,-4.126mm,13.018mm,-3.426mm,13.018mm,2,T,180,Yes,100nF,100nF
C46,CL10B104KB8NNNC,C0603,-7.664mm,-30.304mm,-7.664mm,-30.304mm,-7.664mm,-29.604mm,2,T,270,Yes,100nF,100nF
C47,CL21A106KAYNNNE_C15850,C0805,5.483mm,-33.821mm,5.483mm,-33.821mm,5.483mm,-32.821mm,2,T,270,Yes,10uF,10uF
C48,CL21A226MQQNNNE,C0805,13.483mm,-33.821mm,13.483mm,-33.821mm,13.483mm,-32.821mm,2,T,270,Yes,22uF,22uF
C49,CL21A226MQQNNNE,C0805,16.483mm,-29.804mm,16.483mm,-29.804mm,15.483mm,-29.804mm,2,T,0,Yes,22uF,22uF
C50,CL10B104KB8NNNC,C0603,16.483mm,-31.743mm,16.483mm,-31.743mm,15.783mm,-31.743mm,2,T,0,Yes,100nF,100nF
C51,CL10A106KP8NNNC,C0603,-20.164mm,-27.186mm,-20.164mm,-27.186mm,-19.464mm,-27.186mm,2,T,180,Yes,10uF,10uF
C52,CL10B104KB8NNNC,C0603,19.664mm,-35.561mm,19.664mm,-35.561mm,19.664mm,-34.861mm,2,T,270,Yes,100nF,100nF
C53,CL10A106KP8NNNC,C0603,-9.642mm,-36.895mm,-9.642mm,-36.895mm,-10.342mm,-36.895mm,2,T,0,Yes,10uF,10uF
C54,CL10B104KB8NNNC,C0603,-9.696mm,-38.622mm,-9.696mm,-38.622mm,-10.396mm,-38.622mm,2,T,0,Yes,100nF,100nF
C55,CL10B105KA8NNNC,C0603,20.399mm,32mm,20.399mm,32mm,20.399mm,31.3mm,2,T,90,Yes,1uF,1uF
C56,CL10A106KP8NNNC,C0603,25.921mm,31.14mm,25.921mm,31.14mm,25.221mm,31.14mm,2,T,0,Yes,10uF,10uF
C57,CL10B104KB8NNNC,C0603,25.921mm,32.86mm,25.921mm,32.86mm,25.221mm,32.86mm,2,T,0,Yes,100nF,100nF
C58,CL10B104KB8NNNC,C0603,-27.543mm,7.963mm,-27.543mm,7.963mm,-28.243mm,7.963mm,2,T,0,Yes,100nF,100nF
C60,CL10B104KB8NNNC,C0603,-1.561mm,-30.86mm,-1.561mm,-30.86mm,-0.861mm,-30.86mm,2,T,180,Yes,100nF,100nF
C61,CL10B224KB8NNNC,C0603,17.946mm,26.456mm,17.946mm,26.456mm,17.246mm,26.456mm,2,T,0,Yes,220nF,220nF
C62,12065C475K4Z2A,C1206,3.252mm,29.436mm,3.252mm,29.436mm,4.845mm,29.436mm,2,T,180,Yes,4.7uF,4.7uF
C63,CL21A106KAYNNNE_C15850,C0805,9.684mm,26.525mm,9.684mm,26.525mm,10.684mm,26.525mm,2,T,180,Yes,10uF,10uF
C64,0603B103K500NT,C0603,17.742mm,20.88mm,17.742mm,20.88mm,17.742mm,21.58mm,2,T,270,Yes,10nF,10nF
C65,CL10A106KP8NNNC,C0603,-21.752mm,5.645mm,-21.752mm,5.645mm,-21.752mm,6.345mm,2,T,270,Yes,10uF,10uF
C66,CL10A106KP8NNNC,C0603,-20.032mm,5.645mm,-20.032mm,5.645mm,-20.032mm,6.345mm,2,T,270,Yes,10uF,10uF
D1,USBLC6-2SC6_C7519,SOT-23-6_L2.9-W1.6-P0.95-LS2.8-BL,-0.921mm,-40.162mm,-0.921mm,-40.162mm,-1.871mm,-41.311mm,6,T,0,Yes,USBLC6-2SC6,USBLC6-2SC6
D2,B5819W_C2685454,SOD-123_L2.7-W1.7-LS3.8-RD,-28.68mm,-30.455mm,-28.68mm,-30.455mm,-30.335mm,-30.455mm,2,T,0,Yes,B5819W,B5819W
D3,B5819W_C2685454,SOD-123_L2.7-W1.7-LS3.8-RD,-28.18mm,-27.955mm,-28.18mm,-27.955mm,-29.835mm,-27.955mm,2,T,0,Yes,B5819W,B5819W
D4,D-060306G1/SS2/G1,LED0603-RD,-37.711mm,-0.005mm,-37.711mm,-0.005mm,-38.46mm,-0.005mm,2,T,0,Yes,D-060306G1/SS2/G1,D-060306G1/SS2/G1
D5,BSDFN2C031U,DFN1006-2L-BI,-20.963mm,-32.895mm,-20.963mm,-32.895mm,-20.963mm,-33.32mm,2,T,90,Yes,BSDFN2C031U,BSDFN2C031U
D6,BSDFN2C031U,DFN1006-2L-BI,-25.037mm,-32.895mm,-25.037mm,-32.895mm,-25.037mm,-32.47mm,2,T,270,Yes,BSDFN2C031U,BSDFN2C031U
D7,BSDFN2C031U,DFN1006-2L-BI,-22.321mm,-32.895mm,-22.321mm,-32.895mm,-22.321mm,-32.47mm,2,T,270,Yes,BSDFN2C031U,BSDFN2C031U
D8,BSDFN2C031U,DFN1006-2L-BI,-23.679mm,-32.895mm,-23.679mm,-32.895mm,-23.679mm,-33.32mm,2,T,90,Yes,BSDFN2C031U,BSDFN2C031U
D9,BSDFN2C031U,DFN1006-2L-BI,-26.395mm,-32.895mm,-26.395mm,-32.895mm,-26.395mm,-33.32mm,2,T,90,Yes,BSDFN2C031U,BSDFN2C031U
D10,BSDFN2C031U,DFN1006-2L-BI,-19.605mm,-32.895mm,-19.605mm,-32.895mm,-19.605mm,-32.47mm,2,T,270,Yes,BSDFN2C031U,BSDFN2C031U
D11,B5819W_C2685454,SOD-123_L2.7-W1.7-LS3.8-RD,8.752mm,29.436mm,8.752mm,29.436mm,7.097mm,29.436mm,2,T,0,Yes,B5819W,B5819W
D12,JNJ-L-3528CW-85020D-S-J2,LED-SMD_L3.5-W2.8-L-FD,-27.9mm,45mm,-27.9mm,45mm,-26.139mm,45mm,2,T,180,Yes,JNJ-L-3528CW-85020D-S-J2,JNJ-L-3528CW-85020D-S-J2
D13,JNJ-L-3528CW-85020D-S-J2,LED-SMD_L3.5-W2.8-L-FD,-21.7mm,45mm,-21.7mm,45mm,-19.939mm,45mm,2,T,180,Yes,JNJ-L-3528CW-85020D-S-J2,JNJ-L-3528CW-85020D-S-J2
D14,JNJ-L-3528CW-85020D-S-J2,LED-SMD_L3.5-W2.8-L-FD,-15.5mm,45mm,-15.5mm,45mm,-13.739mm,45mm,2,T,180,Yes,JNJ-L-3528CW-85020D-S-J2,JNJ-L-3528CW-85020D-S-J2
D15,JNJ-L-3528CW-85020D-S-J2,LED-SMD_L3.5-W2.8-L-FD,-9.3mm,45mm,-9.3mm,45mm,-7.539mm,45mm,2,T,180,Yes,JNJ-L-3528CW-85020D-S-J2,JNJ-L-3528CW-85020D-S-J2
D16,JNJ-L-3528CW-85020D-S-J2,LED-SMD_L3.5-W2.8-L-FD,-3.1mm,45mm,-3.1mm,45mm,-1.339mm,45mm,2,T,180,Yes,JNJ-L-3528CW-85020D-S-J2,JNJ-L-3528CW-85020D-S-J2
D17,JNJ-L-3528CW-85020D-S-J2,LED-SMD_L3.5-W2.8-L-FD,3.1mm,45mm,3.1mm,45mm,4.861mm,45mm,2,T,180,Yes,JNJ-L-3528CW-85020D-S-J2,JNJ-L-3528CW-85020D-S-J2
D18,JNJ-L-3528CW-85020D-S-J2,LED-SMD_L3.5-W2.8-L-FD,9.3mm,45mm,9.3mm,45mm,11.061mm,45mm,2,T,180,Yes,JNJ-L-3528CW-85020D-S-J2,JNJ-L-3528CW-85020D-S-J2
D19,JNJ-L-3528CW-85020D-S-J2,LED-SMD_L3.5-W2.8-L-FD,15.5mm,45mm,15.5mm,45mm,17.261mm,45mm,2,T,180,Yes,JNJ-L-3528CW-85020D-S-J2,JNJ-L-3528CW-85020D-S-J2
D20,JNJ-L-3528CW-85020D-S-J2,LED-SMD_L3.5-W2.8-L-FD,21.7mm,45mm,21.7mm,45mm,23.461mm,45mm,2,T,180,Yes,JNJ-L-3528CW-85020D-S-J2,JNJ-L-3528CW-85020D-S-J2
D21,JNJ-L-3528CW-85020D-S-J2,LED-SMD_L3.5-W2.8-L-FD,27.9mm,45mm,27.9mm,45mm,29.661mm,45mm,2,T,180,Yes,JNJ-L-3528CW-85020D-S-J2,JNJ-L-3528CW-85020D-S-J2
J1,TYPE-C-31-M-12,USB-C_SMD-TYPE-C-31-M-12_1,0mm,-45.906mm,0mm,-45.906mm,4.325mm,-44.2mm,16,T,0,No,TYPE-C-31-M-12,TYPE-C-31-M-12
J2,B2B-PH-K-S(LF)(SN),CONN-TH_B2B-PH-K-S,-36mm,-19.45mm,-36mm,-19.45mm,-37mm,-19.45mm,2,T,180,No,B2B-PH-K-S(LF)(SN),B2B-PH-K-S(LF)(SN)
J3,B2B-PH-K-S(LF)(SN),CONN-TH_B2B-PH-K-S,-36mm,-31.45mm,-36mm,-31.45mm,-37mm,-31.45mm,2,T,180,No,B2B-PH-K-S(LF)(SN),B2B-PH-K-S(LF)(SN)
J4,1-1734248-5,CONN-SMD_1-1734248-5,0mm,8.21mm,0mm,8.21mm,7mm,9.897mm,30,T,180,Yes,1-1734248-5,1-1734248-5
J5,B2B-PH-K-S(LF)(SN),CONN-TH_B2B-PH-K-S,-8.816mm,15.05mm,-8.816mm,15.05mm,-9.816mm,15.05mm,2,T,180,No,B2B-PH-K-S(LF)(SN),B2B-PH-K-S(LF)(SN)
J6,TF-01A_C91145,TF-SMD_TF-01A,-20mm,-40.424mm,-20mm,-40.424mm,-17.76mm,-35.148mm,13,T,0,Yes,TF-01A,TF-01A
J8,U.FL-R-SMT-1(80)_C88374,RF-SMD_FRF05002-JSS103M,-37.15mm,25mm,-37.15mm,25mm,-36.388mm,25mm,3,T,90,Yes,6GHz,6GHz
JP1,PZ254V-11-02P,HDR-TH_2P-P2.54-V-M,-36mm,-16mm,-36mm,-16mm,-37.27mm,-16mm,2,T,0,No,PZ254V-11-02P,PZ254V-11-02P
L1,DFE201612E-2R2M=P2,L0806,-11.454mm,-23.683mm,-11.454mm,-23.683mm,-12.454mm,-23.683mm,2,T,0,Yes,2.2uH,2.2uH
L2,DFE201612E-2R2M=P2,L0806,4.6mm,-20.2mm,4.6mm,-20.2mm,3.6mm,-20.2mm,2,T,0,Yes,2.2uH,2.2uH
L3,CKCSA4020-1.5uH/N,IND-SMD_L4.0-W4.0,9.5mm,-29.1mm,9.5mm,-29.1mm,7.9mm,-29.1mm,2,T,0,Yes,CKCSA4020-1.5uH/N,CKCSA4020-1.5uH/N
L4,CY54-10UH,IND-SMD_L5.8-W5.2,12.8mm,19.3mm,12.8mm,19.3mm,12.8mm,16.975mm,2,T,270,Yes,CY54-10UH,CY54-10UH
Q1,SI2301CDS-T1-GE3,SOT-23-3_L3.0-W1.7-P0.95-LS2.9-BR,-37.674mm,-10.86mm,-37.674mm,-10.86mm,-38.624mm,-11.961mm,3,T,270,Yes,SI2301CDS-T1-GE3,SI2301CDS-T1-GE3
Q2,2N7002_C8545,SOT-23-3_L2.9-W1.3-P1.90-LS2.4-BR,-34.319mm,-7.603mm,-34.319mm,-7.603mm,-35.269mm,-8.603mm,3,T,270,Yes,2N7002,2N7002
Q3,ALS-PT19-315C/L177/TR8,SENSORS-SMD_ALS-PT19,-8.5mm,-27.939mm,-8.5mm,-27.939mm,-7.75mm,-27.939mm,2,T,180,Yes,ALS-PT19-315C/L177/TR8,ALS-PT19-315C/L177/TR8
R1,0603WAF5101T5E,R0603,-3.726mm,-40.162mm,-3.726mm,-40.162mm,-3.726mm,-40.915mm,2,T,90,Yes,5.1kΩ,5.1kΩ
R2,0603WAF5101T5E,R0603,1.604mm,-40.162mm,1.604mm,-40.162mm,1.604mm,-40.915mm,2,T,90,Yes,5.1kΩ,5.1kΩ
R3,0603WAF1002T5E,R0603,19.2mm,-18.8mm,19.2mm,-18.8mm,18.447mm,-18.8mm,2,T,0,Yes,10kΩ,10kΩ
R4,0603WAF1002T5E,R0603,-2.716mm,-3.586mm,-2.716mm,-3.586mm,-1.963mm,-3.586mm,2,T,180,Yes,10kΩ,10kΩ
R5,0603WAF1802T5E,R0603,-29.18mm,-17.783mm,-29.18mm,-17.783mm,-29.933mm,-17.783mm,2,T,0,Yes,18kΩ,18kΩ
R6,0603WAF1001T5E,R0603,-26mm,-24.556mm,-26mm,-24.556mm,-26mm,-23.803mm,2,T,270,Yes,1kΩ,1kΩ
R7,0603WAF1002T5E,R0603,-29.18mm,-19.455mm,-29.18mm,-19.455mm,-28.427mm,-19.455mm,2,T,180,Yes,10kΩ,10kΩ
R8,0603WAF1002T5E,R0603,-26.058mm,-17.783mm,-26.058mm,-17.783mm,-25.305mm,-17.783mm,2,T,180,Yes,10kΩ,10kΩ
R9,0603WAF1002T5E,R0603,-26.058mm,-19.455mm,-26.058mm,-19.455mm,-25.305mm,-19.455mm,2,T,180,Yes,10kΩ,10kΩ
R10,0603WAF2673T5E,R0603,-12.001mm,-26.059mm,-12.001mm,-26.059mm,-12.754mm,-26.059mm,2,T,0,Yes,267kΩ,267kΩ
R11,0603WAF1003T5E,R0603,-37.674mm,-13.72mm,-37.674mm,-13.72mm,-36.921mm,-13.72mm,2,T,180,Yes,100kΩ,100kΩ
R12,0603WAF1003T5E,R0603,-34.319mm,-10.343mm,-34.319mm,-10.343mm,-35.072mm,-10.343mm,2,T,0,Yes,100kΩ,100kΩ
R13,0603WAF1003T5E,R0603,-34.319mm,-12.74mm,-34.319mm,-12.74mm,-34.319mm,-13.493mm,2,T,90,Yes,100kΩ,100kΩ
R14,0603WAF1003T5E,R0603,-37.674mm,-8mm,-37.674mm,-8mm,-36.921mm,-8mm,2,T,180,Yes,100kΩ,100kΩ
R15,0603WAF1002T5E,R0603,21.025mm,-2.326mm,21.025mm,-2.326mm,21.778mm,-2.326mm,2,T,180,Yes,10kΩ,10kΩ
R16,0603WAF1002T5E,R0603,-2.716mm,-6.93mm,-2.716mm,-6.93mm,-1.963mm,-6.93mm,2,T,180,Yes,10kΩ,10kΩ
R17,0603WAF1003T5E,R0603,-2.716mm,-5.258mm,-2.716mm,-5.258mm,-1.963mm,-5.258mm,2,T,180,Yes,100kΩ,100kΩ
R18,0603WAF330JT5E,R0603,0.1mm,-2.9mm,0.1mm,-2.9mm,-0.653mm,-2.9mm,2,T,0,Yes,33Ω,33Ω
R19,0603WAF330JT5E,R0603,-3mm,-1.3mm,-3mm,-1.3mm,-3mm,-0.547mm,2,T,270,Yes,33Ω,33Ω
R20,RMC06034.02K1%N,R0603,3.9mm,-1.6mm,3.9mm,-1.6mm,3.9mm,-2.353mm,2,T,90,Yes,4.02kΩ,4.02kΩ
R21,0603WAF1001T5E,R0603,-34.597mm,0mm,-34.597mm,0mm,-33.844mm,0mm,2,T,180,Yes,1kΩ,1kΩ
R24,0603WAF1000T5E,R0603,10.2mm,1.9mm,10.2mm,1.9mm,10.2mm,1.147mm,2,T,90,Yes,100Ω,100Ω
R25,0603WAF1000T5E,R0603,8.7mm,1.9mm,8.7mm,1.9mm,8.7mm,1.147mm,2,T,90,Yes,100Ω,100Ω
R26,0603WAF1000T5E,R0603,3.6mm,1.9mm,3.6mm,1.9mm,3.6mm,1.147mm,2,T,90,Yes,100Ω,100Ω
R27,0603WAF1000T5E,R0603,2.1mm,1.9mm,2.1mm,1.9mm,2.1mm,1.147mm,2,T,90,Yes,100Ω,100Ω
R28,0603WAF1000T5E,R0603,7.1mm,1.9mm,7.1mm,1.9mm,7.1mm,1.147mm,2,T,90,Yes,100Ω,100Ω
R29,0603WAF1000T5E,R0603,5.4mm,1.9mm,5.4mm,1.9mm,5.4mm,1.147mm,2,T,90,Yes,100Ω,100Ω
R30,0603WAF2201T5E_C4190,R0603,13.172mm,10.397mm,13.172mm,10.397mm,13.925mm,10.397mm,2,T,180,Yes,2.2kΩ,2.2kΩ
R31,0603WAF2201T5E_C4190,R0603,11.5mm,8mm,11.5mm,8mm,11.5mm,8.753mm,2,T,270,Yes,2.2kΩ,2.2kΩ
R32,0603WAF1002T5E,R0603,13.172mm,8mm,13.172mm,8mm,13.172mm,8.753mm,2,T,270,Yes,10kΩ,10kΩ
R33,0603WAF1003T5E,R0603,-9.36mm,-30.304mm,-9.36mm,-30.304mm,-9.36mm,-29.551mm,2,T,270,Yes,100kΩ,100kΩ
R34,0603WAF1003T5E,R0603,16.483mm,-33.439mm,16.483mm,-33.439mm,15.73mm,-33.439mm,2,T,0,Yes,100kΩ,100kΩ
R35,0603WAF1003T5E,R0603,-9.14mm,-0.804mm,-9.14mm,-0.804mm,-8.387mm,-0.804mm,2,T,180,Yes,100kΩ,100kΩ
R36,0603WAF1003T5E,R0603,-25.36mm,33.304mm,-25.36mm,33.304mm,-26.113mm,33.304mm,2,T,0,Yes,100kΩ,100kΩ
R37,0603WAF1003T5E,R0603,-23.304mm,-29.86mm,-23.304mm,-29.86mm,-23.304mm,-30.613mm,2,T,90,Yes,100kΩ,100kΩ
R38,0603WAF1003T5E,R0603,21.36mm,-34mm,21.36mm,-34mm,21.36mm,-33.247mm,2,T,270,Yes,100kΩ,100kΩ
R39,0603WAF1003T5E,R0603,19.664mm,-32.46mm,19.664mm,-32.46mm,19.664mm,-31.707mm,2,T,270,Yes,100kΩ,100kΩ
R40,0603WAF5102T5E,R0603,-29.6mm,-35.878mm,-29.6mm,-35.878mm,-29.6mm,-36.631mm,2,T,90,Yes,51kΩ,51kΩ
R41,0603WAF5102T5E,R0603,-29.6mm,-39mm,-29.6mm,-39mm,-29.6mm,-39.753mm,2,T,90,Yes,51kΩ,51kΩ
R42,0603WAF5102T5E,R0603,-17.365mm,-32.895mm,-17.365mm,-32.895mm,-16.612mm,-32.895mm,2,T,180,Yes,51kΩ,51kΩ
R43,0603WAF5102T5E,R0603,-29.6mm,-42.122mm,-29.6mm,-42.122mm,-29.6mm,-42.875mm,2,T,90,Yes,51kΩ,51kΩ
R44,0603WAF5102T5E,R0603,-14.243mm,-32.895mm,-14.243mm,-32.895mm,-13.49mm,-32.895mm,2,T,180,Yes,51kΩ,51kΩ
R45,0603WAF1003T5E,R0603,-28.635mm,-32.895mm,-28.635mm,-32.895mm,-27.882mm,-32.895mm,2,T,180,Yes,100kΩ,100kΩ
R46,0603WAF1002T5E,R0603,22.82mm,31.164mm,22.82mm,31.164mm,22.067mm,31.164mm,2,T,0,Yes,10kΩ,10kΩ
R47,0603WAF1002T5E,R0603,22.82mm,32.836mm,22.82mm,32.836mm,23.573mm,32.836mm,2,T,180,Yes,10kΩ,10kΩ
R48,0603WAF5102T5E,R0603,20.172mm,14.561mm,20.172mm,14.561mm,20.172mm,15.314mm,2,T,270,Yes,51kΩ,51kΩ
R49,0603WAF5102T5E,R0603,18.5mm,11.439mm,18.5mm,11.439mm,18.5mm,12.192mm,2,T,270,Yes,51kΩ,51kΩ
R50,0603WAF5102T5E,R0603,16.828mm,11.439mm,16.828mm,11.439mm,16.828mm,12.192mm,2,T,270,Yes,51kΩ,51kΩ
R51,0603WAF5102T5E,R0603,20.172mm,11.439mm,20.172mm,11.439mm,20.172mm,12.192mm,2,T,270,Yes,51kΩ,51kΩ
R52,0603WAF5102T5E,R0603,18.5mm,14.561mm,18.5mm,14.561mm,18.5mm,13.808mm,2,T,90,Yes,51kΩ,51kΩ
R53,0603WAF5102T5E,R0603,16.828mm,14.561mm,16.828mm,14.561mm,16.828mm,13.808mm,2,T,90,Yes,51kΩ,51kΩ
R54,0603WAF1000T5E,R0603,1.54mm,-30mm,1.54mm,-30mm,2.293mm,-30mm,2,T,180,Yes,100Ω,100Ω
R55,RTT051R33FTP,R0805,17.362mm,29.477mm,17.362mm,29.477mm,16.362mm,29.477mm,2,T,0,Yes,1.33Ω,1.33Ω
R56,0603WAF1001T5E,R0603,17.742mm,23.981mm,17.742mm,23.981mm,17.742mm,24.734mm,2,T,270,Yes,1kΩ,1kΩ
R57,0603WAF220JT5E,R0603,-17.6mm,14.2mm,-17.6mm,14.2mm,-18.353mm,14.2mm,2,T,0,Yes,22Ω,22Ω
R58,0603WAF220JT5E,R0603,-17.6mm,12.7mm,-17.6mm,12.7mm,-18.353mm,12.7mm,2,T,0,Yes,22Ω,22Ω
R59,0603WAF220JT5E,R0603,-17.6mm,15.7mm,-17.6mm,15.7mm,-18.353mm,15.7mm,2,T,0,Yes,22Ω,22Ω
R60,0603WAF4702T5E,R0603,-24.442mm,6.267mm,-24.442mm,6.267mm,-23.689mm,6.267mm,2,T,180,Yes,47kΩ,47kΩ
R61,0603WAF1002T5E,R0603,-35.392mm,12.267mm,-35.392mm,12.267mm,-35.392mm,13.02mm,2,T,270,Yes,10kΩ,10kΩ
R62,0603WAF1002T5E,R0603,-37.789mm,7.471mm,-37.789mm,7.471mm,-37.789mm,8.224mm,2,T,270,Yes,10kΩ,10kΩ
R63,0603WAF1002T5E,R0603,-37.789mm,16.574mm,-37.789mm,16.574mm,-38.542mm,16.574mm,2,T,0,Yes,10kΩ,10kΩ
R64,0603WAF1002T5E,R0603,-37.789mm,9.868mm,-37.789mm,9.868mm,-37.036mm,9.868mm,2,T,180,Yes,10kΩ,10kΩ
R65,0603WAF1002T5E,R0603,-37.789mm,11.54mm,-37.789mm,11.54mm,-37.036mm,11.54mm,2,T,180,Yes,10kΩ,10kΩ
R66,0603WAF1002T5E,R0603,-37.789mm,13.212mm,-37.789mm,13.212mm,-37.036mm,13.212mm,2,T,180,Yes,10kΩ,10kΩ
R67,0603WAF1002T5E,R0603,-37.789mm,14.884mm,-37.789mm,14.884mm,-37.036mm,14.884mm,2,T,180,Yes,10kΩ,10kΩ
R68,0603WAF1002T5E,R0603,-14.5mm,12.8mm,-14.5mm,12.8mm,-15.253mm,12.8mm,2,T,0,Yes,10kΩ,10kΩ
R69,0603WAF1002T5E,R0603,-17.611mm,17.609mm,-17.611mm,17.609mm,-18.364mm,17.609mm,2,T,0,Yes,10kΩ,10kΩ
R70,0603WAF1002T5E,R0603,-14.5mm,14.5mm,-14.5mm,14.5mm,-15.253mm,14.5mm,2,T,0,Yes,10kΩ,10kΩ
R71,0603WAF1002T5E,R0603,-17.611mm,20.953mm,-17.611mm,20.953mm,-18.364mm,20.953mm,2,T,0,Yes,10kΩ,10kΩ
R72,0603WAF1002T5E,R0603,-17.611mm,19.281mm,-17.611mm,19.281mm,-16.858mm,19.281mm,2,T,180,Yes,10kΩ,10kΩ
R73,0603WAF1002T5E,R0603,-17.611mm,10.418mm,-17.611mm,10.418mm,-17.611mm,11.171mm,2,T,270,Yes,10kΩ,10kΩ
R74,0603WAF1002T5E,R0603,-17.611mm,8.021mm,-17.611mm,8.021mm,-16.858mm,8.021mm,2,T,180,Yes,10kΩ,10kΩ
R75,0603WAF0000T5E,R0603,-30.644mm,6.267mm,-30.644mm,6.267mm,-29.891mm,6.267mm,2,T,180,Yes,0Ω,0Ω
R76,0603WAF0000T5E,R0603,-33mm,25mm,-33mm,25mm,-32.247mm,25mm,2,T,180,Yes,0Ω,0Ω
RT1,NCP18XH103F03RB,R0603,-31.68mm,-17.955mm,-31.68mm,-17.955mm,-31.68mm,-18.708mm,2,T,90,Yes,NCP18XH103F03RB,NCP18XH103F03RB
SW1,TS-1187A-B-A-B,SW-SMD_4P-L5.1-W5.1-P3.70-LS6.5-TL_H1.5,-35.4mm,31mm,-35.4mm,31mm,-32.4mm,29.125mm,4,T,180,Yes,TS-1187A-B-A-B,TS-1187A-B-A-B
SW2,TS-1187A-B-A-B,SW-SMD_4P-L5.1-W5.1-P3.70-LS6.5-TL_H1.5,-35.4mm,36.8mm,-35.4mm,36.8mm,-38.4mm,38.675mm,4,T,0,Yes,TS-1187A-B-A-B,TS-1187A-B-A-B
SW3,SS13D07VG4,SW-TH_SS13D07VG4,22mm,-46.75mm,22mm,-46.75mm,26mm,-46.75mm,6,T,180,No,SS13D07VG4,SS13D07VG4
TP1,5017_C238130,TEST-SMD_L2.7-W1.0,27mm,-16mm,27mm,-16mm,27mm,-16mm,1,T,180,Yes,5017,5017
TP2,5017_C238130,TEST-SMD_L2.7-W1.0,31.5mm,-16mm,31.5mm,-16mm,31.5mm,-16mm,1,T,180,Yes,5017,5017
TP3,5017_C238130,TEST-SMD_L2.7-W1.0,36mm,-16mm,36mm,-16mm,36mm,-16mm,1,T,180,Yes,5017,5017
TP4,5017_C238130,TEST-SMD_L2.7-W1.0,27mm,-19mm,27mm,-19mm,27mm,-19mm,1,T,180,Yes,5017,5017
TP5,5017_C238130,TEST-SMD_L2.7-W1.0,31.5mm,-19mm,31.5mm,-19mm,31.5mm,-19mm,1,T,180,Yes,5017,5017
TP6,5017_C238130,TEST-SMD_L2.7-W1.0,36mm,-19mm,36mm,-19mm,36mm,-19mm,1,T,180,Yes,5017,5017
TP7,5017_C238130,TEST-SMD_L2.7-W1.0,27mm,-22mm,27mm,-22mm,27mm,-22mm,1,T,180,Yes,5017,5017
TP8,5017_C238130,TEST-SMD_L2.7-W1.0,31.5mm,-22mm,31.5mm,-22mm,31.5mm,-22mm,1,T,180,Yes,5017,5017
TP9,5017_C238130,TEST-SMD_L2.7-W1.0,36mm,-22mm,36mm,-22mm,36mm,-22mm,1,T,180,Yes,5017,5017
TP10,5017_C238130,TEST-SMD_L2.7-W1.0,27mm,-5mm,27mm,-5mm,27mm,-5mm,1,T,180,Yes,5017,5017
TP11,5017_C238130,TEST-SMD_L2.7-W1.0,31.5mm,-5mm,31.5mm,-5mm,31.5mm,-5mm,1,T,180,Yes,5017,5017
TP12,5017_C238130,TEST-SMD_L2.7-W1.0,36mm,-5mm,36mm,-5mm,36mm,-5mm,1,T,180,Yes,5017,5017
TP13,5017_C238130,TEST-SMD_L2.7-W1.0,27mm,-8mm,27mm,-8mm,27mm,-8mm,1,T,180,Yes,5017,5017
TP14,5017_C238130,TEST-SMD_L2.7-W1.0,31.5mm,-8mm,31.5mm,-8mm,31.5mm,-8mm,1,T,180,Yes,5017,5017
TP15,5017_C238130,TEST-SMD_L2.7-W1.0,36mm,-8mm,36mm,-8mm,36mm,-8mm,1,T,180,Yes,5017,5017
TP16,5017_C238130,TEST-SMD_L2.7-W1.0,27mm,-11mm,27mm,-11mm,27mm,-11mm,1,T,180,Yes,5017,5017
TP17,5017_C238130,TEST-SMD_L2.7-W1.0,31.5mm,-11mm,31.5mm,-11mm,31.5mm,-11mm,1,T,180,Yes,5017,5017
TP18,5017_C238130,TEST-SMD_L2.7-W1.0,36mm,-11mm,36mm,-11mm,36mm,-11mm,1,T,180,Yes,5017,5017
U1,ESP32-P4NRW32_C22387510,QFN-104_L10.0-W10.0-P0.35-TL-EP7.5,7.863mm,-8.765mm,7.863mm,-8.765mm,12.863mm,-13.14mm,105,T,180,Yes,ESP32-P4NRW32,ESP32-P4NRW32
U2,BQ25185DLHR,WSON-10_L2.2-W2.0-P0.40-BL-EP_TI_DLH0010A,-29.945mm,-21.955mm,-29.945mm,-21.955mm,-28.895mm,-22.755mm,11,T,90,Yes,BQ25185DLHR,BQ25185DLHR
U3,TPS62840DLCR,VSON-8_L2.0-W1.5-P0.50-BL,-14.855mm,-23.683mm,-14.855mm,-23.683mm,-15.53mm,-22.933mm,8,T,270,Yes,TPS62840DLCR,TPS62840DLCR
U4,TPS22917DBVR,SOT-23-6_L2.9-W1.6-P0.95-LS2.8-BR,-9.026mm,2.336mm,-9.026mm,2.336mm,-9.976mm,0.986mm,6,T,270,Yes,TPS22917DBVR,TPS22917DBVR
U5,TPS22917DBVR,SOT-23-6_L2.9-W1.6-P0.95-LS2.8-BR,-25.474mm,30.164mm,-25.474mm,30.164mm,-24.524mm,31.514mm,6,T,90,Yes,TPS22917DBVR,TPS22917DBVR
U6,TPS63021DSJR,VSON-14_L4.0-W3.0-P0.50-BL-EP_TI_DSJ,9.483mm,-33.821mm,9.483mm,-33.821mm,10.933mm,-35.321mm,15,T,90,Yes,TPS63021DSJR,TPS63021DSJR
U7,TLV62569DBVR,SOT-23-5_L3.0-W1.7-P0.95-LS2.8-BR,0.6mm,-17.5mm,0.6mm,-17.5mm,1.9mm,-18.45mm,5,T,0,Yes,TLV62569DBVR,TLV62569DBVR
U8,W25Q128JVSIQ,SOIC-8_L5.3-W5.3-P1.27-LS8.0-BL,16mm,2.6mm,16mm,2.6mm,19.53mm,0.695mm,8,T,90,Yes,W25Q128JVSIQ,W25Q128JVSIQ
U9,DRV8837DSGR,WSON-8_L2.0-W2.0-P0.50-TL-EP,-1.202mm,15.473mm,-1.202mm,15.473mm,-2.152mm,16.223mm,9,T,0,Yes,DRV8837DSGR,DRV8837DSGR
U10,TPS22917DBVR,SOT-23-6_L2.9-W1.6-P0.95-LS2.8-BR,-20.164mm,-29.974mm,-20.164mm,-29.974mm,-21.514mm,-29.024mm,6,T,180,Yes,TPS22917DBVR,TPS22917DBVR
U11,ESP32-C6-MINI-1-N4,WIFIM-SMD_61P-L16.6-W13.2-P0.80-ESP32-C6-MINI-1-N4,28.525mm,21.519mm,28.525mm,21.519mm,32.5mm,27.419mm,61,T,270,Yes,2.4GHz,2.4GHz
U12,TPS61165DBVR,SOT-23-6_L2.9-W1.6-P0.95-LS2.8-BR,14.102mm,26.456mm,14.102mm,26.456mm,12.752mm,27.406mm,6,T,180,Yes,TPS61165DBVR,TPS61165DBVR
U13,PYD 1598 / 7655,TO-5-4_BD9.2-P2.54_PYD-1598-7655,0mm,-24.765mm,0mm,-24.765mm,1.796mm,-26.561mm,4,T,180,No,PYD 1598 / 7655,PYD 1598 / 7655
U14,FGH100MABMD,COMM-SMD_FGH100MAAMD,-26.892mm,16.145mm,-26.892mm,16.145mm,-32.392mm,21.645mm,40,T,0,Yes,FGH100MABMD,FGH100MABMD
Y1,Q13FC13500004_C32346,FC-135R_L3.2-W1.5,15.9mm,-13.9mm,15.9mm,-13.9mm,15.9mm,-12.65mm,2,T,270,Yes,32.768kHz,32.768kHz
Y2,S322540M15PF10PPM,CRYSTAL-SMD_4P-L3.2-W2.5-BL,9.9mm,-19mm,9.9mm,-19mm,11mm,-18.15mm,4,T,180,Yes,40MHz,40MHz
C2,CL05B104KO5NNNC,C0402,15.3mm,-10.3mm,15.3mm,-10.3mm,14.88mm,-10.3mm,2,T,0,Yes,100nF,100nF
C3,CL05B104KO5NNNC,C0402,15.3mm,-6.1mm,15.3mm,-6.1mm,14.88mm,-6.1mm,2,T,0,Yes,100nF,100nF
C4,CL05B104KO5NNNC,C0402,0.4mm,-5.8mm,0.4mm,-5.8mm,0.82mm,-5.8mm,2,T,180,Yes,100nF,100nF
C5,CL05B104KO5NNNC,C0402,5.6mm,-16.2mm,5.6mm,-16.2mm,5.6mm,-15.78mm,2,T,270,Yes,100nF,100nF
C14,CL05B104KO5NNNC,C0402,9.4mm,-16.2mm,9.4mm,-16.2mm,9.4mm,-15.78mm,2,T,270,Yes,100nF,100nF
C16,CL05B104KO5NNNC,C0402,11.4mm,-16.2mm,11.4mm,-16.2mm,11.4mm,-15.78mm,2,T,270,Yes,100nF,100nF
C17,CL05B104KO5NNNC,C0402,2.8mm,-15mm,2.8mm,-15mm,3.22mm,-15mm,2,T,180,Yes,100nF,100nF
C19,CL05B104KO5NNNC,C0402,0.4mm,-8.2mm,0.4mm,-8.2mm,0.82mm,-8.2mm,2,T,180,Yes,100nF,100nF
C21,CL05B104KO5NNNC,C0402,-1.9mm,-11.7mm,-1.9mm,-11.7mm,-1.48mm,-11.7mm,2,T,180,Yes,100nF,100nF
C22,CL05B103KB5NNNC,C0402,-1.9mm,-10.5mm,-1.9mm,-10.5mm,-1.48mm,-10.5mm,2,T,180,Yes,10nF,10nF
C24,CL05B104KO5NNNC,C0402,0.4mm,-4.5mm,0.4mm,-4.5mm,0.82mm,-4.5mm,2,T,180,Yes,100nF,100nF
C25,CL05B104KO5NNNC,C0402,0.9mm,-14.9mm,0.9mm,-14.9mm,1.32mm,-14.9mm,2,T,180,Yes,100nF,100nF
C26,CL05B104KO5NNNC,C0402,7.7mm,-16.2mm,7.7mm,-16.2mm,7.7mm,-15.78mm,2,T,270,Yes,100nF,100nF
C28,CL05A105KA5NQNC,C0402,0.4mm,-7mm,0.4mm,-7mm,0.82mm,-7mm,2,T,180,Yes,1uF,1uF
C29,CL05B104KO5NNNC,C0402,0.4mm,-9.5mm,0.4mm,-9.5mm,0.82mm,-9.5mm,2,T,180,Yes,100nF,100nF
C30,CL05A105KA5NQNC,C0402,8.2mm,-1.3mm,8.2mm,-1.3mm,8.2mm,-1.72mm,2,T,90,Yes,1uF,1uF
C31,CL05B104KO5NNNC,C0402,0.4mm,-13.2mm,0.4mm,-13.2mm,0.82mm,-13.2mm,2,T,180,Yes,100nF,100nF
C32,CL05B103KB5NNNC,C0402,9.4mm,-1.3mm,9.4mm,-1.3mm,9.4mm,-1.72mm,2,T,90,Yes,10nF,10nF
C33,CL05A105KA5NQNC,C0402,11.2mm,-1.3mm,11.2mm,-1.3mm,11.2mm,-1.72mm,2,T,90,Yes,1uF,1uF
C34,CL05B104KO5NNNC,C0402,0.4mm,-10.8mm,0.4mm,-10.8mm,0.82mm,-10.8mm,2,T,180,Yes,100nF,100nF
C35,CL05A105KA5NQNC,C0402,0.4mm,-12mm,0.4mm,-12mm,0.82mm,-12mm,2,T,180,Yes,1uF,1uF
C37,0402CG220J500NT,C0402,13mm,-18.5mm,13mm,-18.5mm,12.58mm,-18.5mm,2,T,0,Yes,22pF,22pF
C38,0402CG220J500NT,C0402,7.6mm,-21.5mm,7.6mm,-21.5mm,8.02mm,-21.5mm,2,T,180,Yes,22pF,22pF
C39,0402CG220J500NT,C0402,18.3mm,-12.6mm,18.3mm,-12.6mm,17.88mm,-12.6mm,2,T,0,Yes,22pF,22pF
C40,0402CG220J500NT,C0402,18.3mm,-14.6mm,18.3mm,-14.6mm,17.88mm,-14.6mm,2,T,0,Yes,22pF,22pF
C41,CL05B104KO5NNNC,C0402,13.5mm,-16.9mm,13.5mm,-16.9mm,13.5mm,-16.48mm,2,T,270,Yes,100nF,100nF
